{
    "degree": 2,
    "include_bias": false,
    "feature_names": [
        "m_dot_h",
        "T_h_in",
        "m_dot_h^2",
        "m_dot_h T_h_in",
        "T_h_in^2"
    ],
    "coefficients": [
        -14.456423016071234,
        0.009070297253541644,
        -380.44269519568,
        -0.16261685206353427,
        -1.181565345465159e-05
    ],
    "intercept": 2.977209085476834
}