{
    "cooler_model": "FSR-6225",
    "area_m2": 0.16,
    "sample_pressure_drop_model": {
        "coefficients": [
            244.31340250002967,
            15882.765285274512
        ],
        "intercept": -1.0396047588394275,
        "r2": 0.9999958826174421,
        "feature_names": [
            "flow_kg_s",
            "flow_kg_s^2"
        ]
    },
    "cooling_water_pressure_drop": 66357.5,
    "degree": 2,
    "include_bias": false,
    "feature_names": [
        "m_dot_h",
        "T_h_in",
        "m_dot_h^2",
        "m_dot_h T_h_in",
        "T_h_in^2"
    ],
    "coefficients": [
        0.29025825679169676,
        0.009901055422586942,
        -608.8461398915456,
        -0.17276193009899984,
        -1.308740868851202e-05
    ],
    "intercept": 2.8453307301919786,
    "r2": 0.9896063215040952
}